index,recorded_at_a,recorded_at_b,device_epoch_a,device_epoch_b,selisih_detik
0,2026-07-13 19:34:00,2026-07-13 19:33:58,1783946040,1783946038,2.0
1,2026-07-13 19:33:58,2026-07-13 19:33:56,1783946038,1783946036,2.0
2,2026-07-13 19:33:56,2026-07-13 19:33:54,1783946036,1783946034,2.0
3,2026-07-13 19:33:54,2026-07-13 19:33:52,1783946034,1783946032,2.0
4,2026-07-13 19:33:52,2026-07-13 19:33:50,1783946032,1783946030,2.0
5,2026-07-13 19:33:50,2026-07-13 19:33:48,1783946030,1783946028,2.0
6,2026-07-13 19:33:48,2026-07-13 19:33:46,1783946028,1783946026,2.0
7,2026-07-13 19:33:46,2026-07-13 19:33:44,1783946026,1783946024,2.0
8,2026-07-13 19:33:44,2026-07-13 19:33:42,1783946024,1783946022,2.0
9,2026-07-13 19:33:42,2026-07-13 19:33:40,1783946022,1783946020,2.0
10,2026-07-13 19:33:40,2026-07-13 19:33:38,1783946020,1783946018,2.0
11,2026-07-13 19:33:38,2026-07-13 19:33:36,1783946018,1783946016,2.0
12,2026-07-13 19:33:36,2026-07-13 19:33:34,1783946016,1783946014,2.0
13,2026-07-13 19:33:34,2026-07-13 19:33:32,1783946014,1783946012,2.0
14,2026-07-13 19:33:32,2026-07-13 19:33:30,1783946012,1783946010,2.0
15,2026-07-13 19:33:30,2026-07-13 19:33:28,1783946010,1783946008,2.0
16,2026-07-13 19:33:28,2026-07-13 19:33:26,1783946008,1783946006,2.0
17,2026-07-13 19:33:26,2026-07-13 19:33:24,1783946006,1783946004,2.0
18,2026-07-13 19:33:24,2026-07-13 19:33:22,1783946004,1783946002,2.0
19,2026-07-13 19:33:22,2026-07-13 19:33:20,1783946002,1783946000,2.0
20,2026-07-13 19:33:20,2026-07-13 19:33:18,1783946000,1783945998,2.0
21,2026-07-13 19:33:18,2026-07-13 19:33:16,1783945998,1783945996,2.0
22,2026-07-13 19:33:16,2026-07-13 19:33:14,1783945996,1783945994,2.0
23,2026-07-13 19:33:14,2026-07-13 19:33:12,1783945994,1783945992,2.0
24,2026-07-13 19:33:12,2026-07-13 19:33:10,1783945992,1783945990,2.0
25,2026-07-13 19:33:10,2026-07-13 19:33:08,1783945990,1783945988,2.0
26,2026-07-13 19:33:08,2026-07-13 19:33:06,1783945988,1783945986,2.0
27,2026-07-13 19:33:06,2026-07-13 19:33:04,1783945986,1783945984,2.0
28,2026-07-13 19:33:04,2026-07-13 19:33:02,1783945984,1783945982,2.0
29,2026-07-13 19:33:02,2026-07-13 19:33:00,1783945982,1783945980,2.0
30,2026-07-13 19:33:00,2026-07-13 19:32:58,1783945980,1783945978,2.0
31,2026-07-13 19:32:58,2026-07-13 19:32:56,1783945978,1783945976,2.0
32,2026-07-13 19:32:56,2026-07-13 19:32:54,1783945976,1783945974,2.0
33,2026-07-13 19:32:54,2026-07-13 19:32:52,1783945974,1783945972,2.0
34,2026-07-13 19:32:52,2026-07-13 19:32:50,1783945972,1783945970,2.0
35,2026-07-13 19:32:50,2026-07-13 19:32:48,1783945970,1783945968,2.0
36,2026-07-13 19:32:48,2026-07-13 19:32:46,1783945968,1783945966,2.0
37,2026-07-13 19:32:46,2026-07-13 19:32:44,1783945966,1783945964,2.0
38,2026-07-13 19:32:44,2026-07-13 19:32:42,1783945964,1783945962,2.0
39,2026-07-13 19:32:42,2026-07-13 19:32:40,1783945962,1783945960,2.0
40,2026-07-13 19:32:40,2026-07-13 19:32:38,1783945960,1783945958,2.0
41,2026-07-13 19:32:38,2026-07-13 19:32:36,1783945958,1783945956,2.0
42,2026-07-13 19:32:36,2026-07-13 19:32:34,1783945956,1783945954,2.0
43,2026-07-13 19:32:34,2026-07-13 19:32:32,1783945954,1783945952,2.0
44,2026-07-13 19:32:32,2026-07-13 19:32:30,1783945952,1783945950,2.0
45,2026-07-13 19:32:30,2026-07-13 19:32:28,1783945950,1783945948,2.0
46,2026-07-13 19:32:28,2026-07-13 19:32:26,1783945948,1783945946,2.0
47,2026-07-13 19:32:26,2026-07-13 19:32:24,1783945946,1783945944,2.0
48,2026-07-13 19:32:24,2026-07-13 19:32:22,1783945944,1783945942,2.0
49,2026-07-13 19:32:22,2026-07-13 19:32:20,1783945942,1783945940,2.0
50,2026-07-13 19:32:20,2026-07-13 19:32:18,1783945940,1783945938,2.0
51,2026-07-13 19:32:18,2026-07-13 19:32:16,1783945938,1783945936,2.0
52,2026-07-13 19:32:16,2026-07-13 19:32:14,1783945936,1783945934,2.0
53,2026-07-13 19:32:14,2026-07-13 19:32:12,1783945934,1783945932,2.0
54,2026-07-13 19:32:12,2026-07-13 19:32:10,1783945932,1783945930,2.0
55,2026-07-13 19:32:10,2026-07-13 19:32:08,1783945930,1783945928,2.0
56,2026-07-13 19:32:08,2026-07-13 19:32:06,1783945928,1783945926,2.0
57,2026-07-13 19:32:06,2026-07-13 19:32:04,1783945926,1783945924,2.0
58,2026-07-13 19:32:04,2026-07-13 19:32:02,1783945924,1783945922,2.0
59,2026-07-13 19:32:02,2026-07-13 19:32:00,1783945922,1783945920,2.0
60,2026-07-13 19:32:00,2026-07-13 19:31:58,1783945920,1783945918,2.0
61,2026-07-13 19:31:58,2026-07-13 19:31:56,1783945918,1783945916,2.0
62,2026-07-13 19:31:56,2026-07-13 19:31:54,1783945916,1783945914,2.0
63,2026-07-13 19:31:54,2026-07-13 19:31:52,1783945914,1783945912,2.0
64,2026-07-13 19:31:52,2026-07-13 19:31:50,1783945912,1783945910,2.0
65,2026-07-13 19:31:50,2026-07-13 19:31:48,1783945910,1783945908,2.0
66,2026-07-13 19:31:48,2026-07-13 19:31:46,1783945908,1783945906,2.0
67,2026-07-13 19:31:46,2026-07-13 19:31:44,1783945906,1783945904,2.0
68,2026-07-13 19:31:44,2026-07-13 19:31:42,1783945904,1783945902,2.0
69,2026-07-13 19:31:42,2026-07-13 19:31:40,1783945902,1783945900,2.0
70,2026-07-13 19:31:40,2026-07-13 19:31:38,1783945900,1783945898,2.0
71,2026-07-13 19:31:38,2026-07-13 19:31:36,1783945898,1783945896,2.0
72,2026-07-13 19:31:36,2026-07-13 19:31:34,1783945896,1783945894,2.0
73,2026-07-13 19:31:34,2026-07-13 19:31:32,1783945894,1783945892,2.0
74,2026-07-13 19:31:32,2026-07-13 19:31:30,1783945892,1783945890,2.0
75,2026-07-13 19:31:30,2026-07-13 19:31:28,1783945890,1783945888,2.0
76,2026-07-13 19:31:28,2026-07-13 19:31:26,1783945888,1783945886,2.0
77,2026-07-13 19:31:26,2026-07-13 19:31:24,1783945886,1783945884,2.0
78,2026-07-13 19:31:24,2026-07-13 19:31:22,1783945884,1783945882,2.0
79,2026-07-13 19:31:22,2026-07-13 19:31:20,1783945882,1783945880,2.0
80,2026-07-13 19:31:20,2026-07-13 19:31:18,1783945880,1783945878,2.0
81,2026-07-13 19:31:18,2026-07-13 19:31:16,1783945878,1783945876,2.0
82,2026-07-13 19:31:16,2026-07-13 19:31:14,1783945876,1783945874,2.0
83,2026-07-13 19:31:14,2026-07-13 19:31:12,1783945874,1783945872,2.0
84,2026-07-13 19:31:12,2026-07-13 19:31:10,1783945872,1783945870,2.0
85,2026-07-13 19:31:10,2026-07-13 19:31:08,1783945870,1783945868,2.0
86,2026-07-13 19:31:08,2026-07-13 19:31:06,1783945868,1783945866,2.0
87,2026-07-13 19:31:06,2026-07-13 19:31:04,1783945866,1783945864,2.0
88,2026-07-13 19:31:04,2026-07-13 19:31:02,1783945864,1783945862,2.0
89,2026-07-13 19:31:02,2026-07-13 19:31:00,1783945862,1783945860,2.0
90,2026-07-13 19:31:00,2026-07-13 19:30:58,1783945860,1783945858,2.0
91,2026-07-13 19:30:58,2026-07-13 19:30:56,1783945858,1783945856,2.0
92,2026-07-13 19:30:56,2026-07-13 19:30:54,1783945856,1783945854,2.0
93,2026-07-13 19:30:54,2026-07-13 19:30:52,1783945854,1783945852,2.0
94,2026-07-13 19:30:52,2026-07-13 19:30:50,1783945852,1783945850,2.0
95,2026-07-13 19:30:50,2026-07-13 19:30:48,1783945850,1783945848,2.0
96,2026-07-13 19:30:48,2026-07-13 19:30:46,1783945848,1783945846,2.0
97,2026-07-13 19:30:46,2026-07-13 19:30:44,1783945846,1783945844,2.0
98,2026-07-13 19:30:44,2026-07-13 19:30:42,1783945844,1783945842,2.0
99,2026-07-13 19:30:42,2026-07-13 19:30:40,1783945842,1783945840,2.0
100,2026-07-13 19:30:40,2026-07-13 19:30:38,1783945840,1783945838,2.0
101,2026-07-13 19:30:38,2026-07-13 19:30:36,1783945838,1783945836,2.0
102,2026-07-13 19:30:36,2026-07-13 19:30:34,1783945836,1783945834,2.0
103,2026-07-13 19:30:34,2026-07-13 19:30:32,1783945834,1783945832,2.0
104,2026-07-13 19:30:32,2026-07-13 19:30:30,1783945832,1783945830,2.0
105,2026-07-13 19:30:30,2026-07-13 19:30:28,1783945830,1783945828,2.0
106,2026-07-13 19:30:28,2026-07-13 19:30:26,1783945828,1783945826,2.0
107,2026-07-13 19:30:26,2026-07-13 19:30:24,1783945826,1783945824,2.0
108,2026-07-13 19:30:24,2026-07-13 19:30:22,1783945824,1783945822,2.0
109,2026-07-13 19:30:22,2026-07-13 19:30:20,1783945822,1783945820,2.0
110,2026-07-13 19:30:20,2026-07-13 19:30:18,1783945820,1783945818,2.0
111,2026-07-13 19:30:18,2026-07-13 19:30:16,1783945818,1783945816,2.0
112,2026-07-13 19:30:16,2026-07-13 19:30:14,1783945816,1783945814,2.0
113,2026-07-13 19:30:14,2026-07-13 19:30:12,1783945814,1783945812,2.0
114,2026-07-13 19:30:12,2026-07-13 19:30:10,1783945812,1783945810,2.0
115,2026-07-13 19:30:10,2026-07-13 19:30:08,1783945810,1783945808,2.0
116,2026-07-13 19:30:08,2026-07-13 19:30:06,1783945808,1783945806,2.0
117,2026-07-13 19:30:06,2026-07-13 19:30:04,1783945806,1783945804,2.0
118,2026-07-13 19:30:04,2026-07-13 19:30:02,1783945804,1783945802,2.0
119,2026-07-13 19:30:02,2026-07-13 19:30:00,1783945802,1783945800,2.0
120,2026-07-13 19:30:00,2026-07-13 19:29:58,1783945800,1783945798,2.0
121,2026-07-13 19:29:58,2026-07-13 19:29:56,1783945798,1783945796,2.0
122,2026-07-13 19:29:56,2026-07-13 19:29:54,1783945796,1783945794,2.0
123,2026-07-13 19:29:54,2026-07-13 19:29:52,1783945794,1783945792,2.0
124,2026-07-13 19:29:52,2026-07-13 19:29:50,1783945792,1783945790,2.0
125,2026-07-13 19:29:50,2026-07-13 19:29:48,1783945790,1783945788,2.0
126,2026-07-13 19:29:48,2026-07-13 19:29:46,1783945788,1783945786,2.0
127,2026-07-13 19:29:46,2026-07-13 19:29:44,1783945786,1783945784,2.0
128,2026-07-13 19:29:44,2026-07-13 19:29:42,1783945784,1783945782,2.0
129,2026-07-13 19:29:42,2026-07-13 19:29:40,1783945782,1783945780,2.0
130,2026-07-13 19:29:40,2026-07-13 19:29:38,1783945780,1783945778,2.0
131,2026-07-13 19:29:38,2026-07-13 19:29:36,1783945778,1783945776,2.0
132,2026-07-13 19:29:36,2026-07-13 19:29:34,1783945776,1783945774,2.0
133,2026-07-13 19:29:34,2026-07-13 19:29:32,1783945774,1783945772,2.0
134,2026-07-13 19:29:32,2026-07-13 19:29:30,1783945772,1783945770,2.0
135,2026-07-13 19:29:30,2026-07-13 19:29:28,1783945770,1783945768,2.0
136,2026-07-13 19:29:28,2026-07-13 19:29:26,1783945768,1783945766,2.0
137,2026-07-13 19:29:26,2026-07-13 19:29:24,1783945766,1783945764,2.0
138,2026-07-13 19:29:24,2026-07-13 19:29:22,1783945764,1783945762,2.0
139,2026-07-13 19:29:22,2026-07-13 19:29:20,1783945762,1783945760,2.0
140,2026-07-13 19:29:20,2026-07-13 19:29:18,1783945760,1783945758,2.0
141,2026-07-13 19:29:18,2026-07-13 19:29:16,1783945758,1783945756,2.0
142,2026-07-13 19:29:16,2026-07-13 19:29:14,1783945756,1783945754,2.0
143,2026-07-13 19:29:14,2026-07-13 19:29:12,1783945754,1783945752,2.0
144,2026-07-13 19:29:12,2026-07-13 19:29:10,1783945752,1783945750,2.0
145,2026-07-13 19:29:10,2026-07-13 19:29:08,1783945750,1783945748,2.0
146,2026-07-13 19:29:08,2026-07-13 19:29:06,1783945748,1783945746,2.0
147,2026-07-13 19:29:06,2026-07-13 19:29:04,1783945746,1783945744,2.0
148,2026-07-13 19:29:04,2026-07-13 19:29:02,1783945744,1783945742,2.0
149,2026-07-13 19:29:02,2026-07-13 19:29:00,1783945742,1783945740,2.0
150,2026-07-13 19:29:00,2026-07-13 19:28:58,1783945740,1783945738,2.0
151,2026-07-13 19:28:58,2026-07-13 19:28:56,1783945738,1783945736,2.0
152,2026-07-13 19:28:56,2026-07-13 19:28:54,1783945736,1783945734,2.0
153,2026-07-13 19:28:54,2026-07-13 19:28:52,1783945734,1783945732,2.0
154,2026-07-13 19:28:52,2026-07-13 19:28:50,1783945732,1783945730,2.0
155,2026-07-13 19:28:50,2026-07-13 19:28:48,1783945730,1783945728,2.0
156,2026-07-13 19:28:48,2026-07-13 19:28:46,1783945728,1783945726,2.0
157,2026-07-13 19:28:46,2026-07-13 19:28:44,1783945726,1783945724,2.0
158,2026-07-13 19:28:44,2026-07-13 19:28:42,1783945724,1783945722,2.0
159,2026-07-13 19:28:42,2026-07-13 19:28:40,1783945722,1783945720,2.0
160,2026-07-13 19:28:40,2026-07-13 19:28:38,1783945720,1783945718,2.0
161,2026-07-13 19:28:38,2026-07-13 19:28:36,1783945718,1783945716,2.0
162,2026-07-13 19:28:36,2026-07-13 19:28:34,1783945716,1783945714,2.0
163,2026-07-13 19:28:34,2026-07-13 19:28:32,1783945714,1783945712,2.0
164,2026-07-13 19:28:32,2026-07-13 19:28:30,1783945712,1783945710,2.0
165,2026-07-13 19:28:30,2026-07-13 19:28:28,1783945710,1783945708,2.0
166,2026-07-13 19:28:28,2026-07-13 19:28:26,1783945708,1783945706,2.0
167,2026-07-13 19:28:26,2026-07-13 19:28:24,1783945706,1783945704,2.0
168,2026-07-13 19:28:24,2026-07-13 19:28:22,1783945704,1783945702,2.0
169,2026-07-13 19:28:22,2026-07-13 19:28:20,1783945702,1783945700,2.0
170,2026-07-13 19:28:20,2026-07-13 19:28:18,1783945700,1783945698,2.0
171,2026-07-13 19:28:18,2026-07-13 19:28:16,1783945698,1783945696,2.0
172,2026-07-13 19:28:16,2026-07-13 19:28:14,1783945696,1783945694,2.0
173,2026-07-13 19:28:14,2026-07-13 19:28:12,1783945694,1783945692,2.0
174,2026-07-13 19:28:12,2026-07-13 19:28:10,1783945692,1783945690,2.0
175,2026-07-13 19:28:10,2026-07-13 19:28:08,1783945690,1783945688,2.0
176,2026-07-13 19:28:08,2026-07-13 19:28:06,1783945688,1783945686,2.0
177,2026-07-13 19:28:06,2026-07-13 19:28:04,1783945686,1783945684,2.0
178,2026-07-13 19:28:04,2026-07-13 19:28:02,1783945684,1783945682,2.0
179,2026-07-13 19:28:02,2026-07-13 19:28:00,1783945682,1783945680,2.0
180,2026-07-13 19:28:00,2026-07-13 19:27:58,1783945680,1783945678,2.0
181,2026-07-13 19:27:58,2026-07-13 19:27:56,1783945678,1783945676,2.0
182,2026-07-13 19:27:56,2026-07-13 19:27:54,1783945676,1783945674,2.0
183,2026-07-13 19:27:54,2026-07-13 19:27:52,1783945674,1783945672,2.0
184,2026-07-13 19:27:52,2026-07-13 19:27:50,1783945672,1783945670,2.0
185,2026-07-13 19:27:50,2026-07-13 19:27:48,1783945670,1783945668,2.0
186,2026-07-13 19:27:48,2026-07-13 19:27:46,1783945668,1783945666,2.0
187,2026-07-13 19:27:46,2026-07-13 19:27:44,1783945666,1783945664,2.0
188,2026-07-13 19:27:44,2026-07-13 19:27:42,1783945664,1783945662,2.0
189,2026-07-13 19:27:42,2026-07-13 19:27:40,1783945662,1783945660,2.0
190,2026-07-13 19:27:40,2026-07-13 19:27:38,1783945660,1783945658,2.0
191,2026-07-13 19:27:38,2026-07-13 19:27:36,1783945658,1783945656,2.0
192,2026-07-13 19:27:36,2026-07-13 19:27:34,1783945656,1783945654,2.0
193,2026-07-13 19:27:34,2026-07-13 19:27:32,1783945654,1783945652,2.0
194,2026-07-13 19:27:32,2026-07-13 19:27:30,1783945652,1783945650,2.0
195,2026-07-13 19:27:30,2026-07-13 19:27:28,1783945650,1783945648,2.0
196,2026-07-13 19:27:28,2026-07-13 19:27:26,1783945648,1783945646,2.0
197,2026-07-13 19:27:26,2026-07-13 19:27:24,1783945646,1783945644,2.0
198,2026-07-13 19:27:24,2026-07-13 19:27:22,1783945644,1783945642,2.0
