kanal,percobaan,tahap,deskripsi,pc_waktu,device_epoch,device_epoch_wib,nilai_disuntik,relayOn,mesin_menyala
Stepper_X,1,1,Tahan nilai tinggi (harus cutoff),2026-07-13T19:38:17.187114,1783946296,2026-07-13 19:38:16,4.5,True,False
Stepper_X,1,2,Coba resume saat tinggi (ekspektasi: ditolak),2026-07-13T19:38:20.192572,1783946298,2026-07-13 19:38:18,,True,False
Stepper_X,1,3,Tahan nilai zona histeresis,2026-07-13T19:38:23.233830,1783946302,2026-07-13 19:38:22,2.8,True,False
Stepper_X,1,4,Coba resume di zona histeresis (ekspektasi: ditolak),2026-07-13T19:38:26.265008,1783946304,2026-07-13 19:38:24,,True,False
Stepper_X,1,5,Tahan nilai di bawah ambang resume,2026-07-13T19:38:29.308138,1783946308,2026-07-13 19:38:28,2.2,True,False
Stepper_X,1,6,Coba resume di bawah ambang resume (ekspektasi: diterima),2026-07-13T19:38:32.324286,1783946310,2026-07-13 19:38:30,,False,True
Stepper_X,2,1,Tahan nilai tinggi (harus cutoff),2026-07-13T19:38:41.404642,1783946320,2026-07-13 19:38:40,4.5,True,False
Stepper_X,2,2,Coba resume saat tinggi (ekspektasi: ditolak),2026-07-13T19:38:44.459240,1783946322,2026-07-13 19:38:42,,True,False
Stepper_X,2,3,Tahan nilai zona histeresis,2026-07-13T19:38:47.521631,1783946326,2026-07-13 19:38:46,2.8,True,False
Stepper_X,2,4,Coba resume di zona histeresis (ekspektasi: ditolak),2026-07-13T19:38:50.543189,1783946328,2026-07-13 19:38:48,,True,False
Stepper_X,2,5,Tahan nilai di bawah ambang resume,2026-07-13T19:38:53.605223,1783946332,2026-07-13 19:38:52,2.2,True,False
Stepper_X,2,6,Coba resume di bawah ambang resume (ekspektasi: diterima),2026-07-13T19:38:56.619507,1783946334,2026-07-13 19:38:54,,True,False
Stepper_X,3,1,Tahan nilai tinggi (harus cutoff),2026-07-13T19:39:05.706102,1783946344,2026-07-13 19:39:04,4.5,True,False
Stepper_X,3,2,Coba resume saat tinggi (ekspektasi: ditolak),2026-07-13T19:39:08.739873,1783946346,2026-07-13 19:39:06,,True,False
Stepper_X,3,3,Tahan nilai zona histeresis,2026-07-13T19:39:11.791505,1783946350,2026-07-13 19:39:10,2.8,True,False
Stepper_X,3,4,Coba resume di zona histeresis (ekspektasi: ditolak),2026-07-13T19:39:14.824438,1783946352,2026-07-13 19:39:12,,True,False
Stepper_X,3,5,Tahan nilai di bawah ambang resume,2026-07-13T19:39:17.840840,1783946356,2026-07-13 19:39:16,2.2,True,False
Stepper_X,3,6,Coba resume di bawah ambang resume (ekspektasi: diterima),2026-07-13T19:39:20.872911,1783946360,2026-07-13 19:39:20,,False,True
Stepper_X,4,1,Tahan nilai tinggi (harus cutoff),2026-07-13T19:39:29.945220,1783946368,2026-07-13 19:39:28,4.5,True,False
Stepper_X,4,2,Coba resume saat tinggi (ekspektasi: ditolak),2026-07-13T19:39:32.976690,1783946372,2026-07-13 19:39:32,,True,False
Stepper_X,4,3,Tahan nilai zona histeresis,2026-07-13T19:39:36.015521,1783946374,2026-07-13 19:39:34,2.8,True,False
Stepper_X,4,4,Coba resume di zona histeresis (ekspektasi: ditolak),2026-07-13T19:39:39.066711,1783946378,2026-07-13 19:39:38,,True,False
Stepper_X,4,5,Tahan nilai di bawah ambang resume,2026-07-13T19:39:42.071293,1783946380,2026-07-13 19:39:40,2.2,True,False
Stepper_X,4,6,Coba resume di bawah ambang resume (ekspektasi: diterima),2026-07-13T19:39:45.107968,1783946384,2026-07-13 19:39:44,,False,True
Stepper_X,5,1,Tahan nilai tinggi (harus cutoff),2026-07-13T19:39:54.171408,1783946392,2026-07-13 19:39:52,4.5,True,False
Stepper_X,5,2,Coba resume saat tinggi (ekspektasi: ditolak),2026-07-13T19:39:57.211372,1783946396,2026-07-13 19:39:56,,True,False
Stepper_X,5,3,Tahan nilai zona histeresis,2026-07-13T19:40:00.250104,1783946398,2026-07-13 19:39:58,2.8,True,False
Stepper_X,5,4,Coba resume di zona histeresis (ekspektasi: ditolak),2026-07-13T19:40:03.265637,1783946402,2026-07-13 19:40:02,,True,False
Stepper_X,5,5,Tahan nilai di bawah ambang resume,2026-07-13T19:40:06.297522,1783946404,2026-07-13 19:40:04,2.2,True,False
Stepper_X,5,6,Coba resume di bawah ambang resume (ekspektasi: diterima),2026-07-13T19:40:09.343951,1783946408,2026-07-13 19:40:08,,False,True
Stepper_Y1,1,1,Tahan nilai tinggi (harus cutoff),2026-07-13T19:40:18.433360,1783946416,2026-07-13 19:40:16,4.5,True,False
Stepper_Y1,1,2,Coba resume saat tinggi (ekspektasi: ditolak),2026-07-13T19:40:21.496301,1783946420,2026-07-13 19:40:20,,True,False
Stepper_Y1,1,3,Tahan nilai zona histeresis,2026-07-13T19:40:24.538037,1783946422,2026-07-13 19:40:22,2.8,True,False
Stepper_Y1,1,4,Coba resume di zona histeresis (ekspektasi: ditolak),2026-07-13T19:40:27.579272,1783946426,2026-07-13 19:40:26,,True,False
Stepper_Y1,1,5,Tahan nilai di bawah ambang resume,2026-07-13T19:40:30.614179,1783946428,2026-07-13 19:40:28,2.2,True,False
Stepper_Y1,1,6,Coba resume di bawah ambang resume (ekspektasi: diterima),2026-07-13T19:40:33.670906,1783946432,2026-07-13 19:40:32,,False,True
Stepper_Y1,2,1,Tahan nilai tinggi (harus cutoff),2026-07-13T19:40:42.726496,1783946440,2026-07-13 19:40:40,4.5,False,True
Stepper_Y1,2,2,Coba resume saat tinggi (ekspektasi: ditolak),2026-07-13T19:40:45.784478,1783946444,2026-07-13 19:40:44,,True,False
Stepper_Y1,2,3,Tahan nilai zona histeresis,2026-07-13T19:40:48.805794,1783946446,2026-07-13 19:40:46,2.8,True,False
Stepper_Y1,2,4,Coba resume di zona histeresis (ekspektasi: ditolak),2026-07-13T19:40:51.857059,1783946450,2026-07-13 19:40:50,,True,False
Stepper_Y1,2,5,Tahan nilai di bawah ambang resume,2026-07-13T19:40:54.892619,1783946454,2026-07-13 19:40:54,2.2,True,False
Stepper_Y1,2,6,Coba resume di bawah ambang resume (ekspektasi: diterima),2026-07-13T19:40:57.903334,1783946456,2026-07-13 19:40:56,,False,True
Stepper_Y1,3,1,Tahan nilai tinggi (harus cutoff),2026-07-13T19:41:06.992557,1783946466,2026-07-13 19:41:06,4.5,True,False
Stepper_Y1,3,2,Coba resume saat tinggi (ekspektasi: ditolak),2026-07-13T19:41:10.011386,1783946468,2026-07-13 19:41:08,,True,False
Stepper_Y1,3,3,Tahan nilai zona histeresis,2026-07-13T19:41:13.016013,1783946472,2026-07-13 19:41:12,2.8,True,False
Stepper_Y1,3,4,Coba resume di zona histeresis (ekspektasi: ditolak),2026-07-13T19:41:16.043640,1783946474,2026-07-13 19:41:14,,True,False
Stepper_Y1,3,5,Tahan nilai di bawah ambang resume,2026-07-13T19:41:19.073073,1783946478,2026-07-13 19:41:18,2.2,True,False
Stepper_Y1,3,6,Coba resume di bawah ambang resume (ekspektasi: diterima),2026-07-13T19:41:22.107913,1783946480,2026-07-13 19:41:20,,False,True
Stepper_Y1,4,1,Tahan nilai tinggi (harus cutoff),2026-07-13T19:41:31.146971,1783946490,2026-07-13 19:41:30,4.5,True,False
Stepper_Y1,4,2,Coba resume saat tinggi (ekspektasi: ditolak),2026-07-13T19:41:34.178277,1783946492,2026-07-13 19:41:32,,True,False
Stepper_Y1,4,3,Tahan nilai zona histeresis,2026-07-13T19:41:37.183800,1783946496,2026-07-13 19:41:36,2.8,True,False
Stepper_Y1,4,4,Coba resume di zona histeresis (ekspektasi: ditolak),2026-07-13T19:41:40.235997,1783946498,2026-07-13 19:41:38,,True,False
Stepper_Y1,4,5,Tahan nilai di bawah ambang resume,2026-07-13T19:41:43.272503,1783946502,2026-07-13 19:41:42,2.2,True,False
Stepper_Y1,4,6,Coba resume di bawah ambang resume (ekspektasi: diterima),2026-07-13T19:41:46.306942,1783946504,2026-07-13 19:41:44,,False,True
Stepper_Y1,5,1,Tahan nilai tinggi (harus cutoff),2026-07-13T19:41:55.404492,1783946514,2026-07-13 19:41:54,4.5,True,False
Stepper_Y1,5,2,Coba resume saat tinggi (ekspektasi: ditolak),2026-07-13T19:41:58.444876,1783946516,2026-07-13 19:41:56,,True,False
Stepper_Y1,5,3,Tahan nilai zona histeresis,2026-07-13T19:42:01.477204,1783946520,2026-07-13 19:42:00,2.8,True,False
Stepper_Y1,5,4,Coba resume di zona histeresis (ekspektasi: ditolak),2026-07-13T19:42:04.514139,1783946522,2026-07-13 19:42:02,,True,False
Stepper_Y1,5,5,Tahan nilai di bawah ambang resume,2026-07-13T19:42:07.546027,1783946526,2026-07-13 19:42:06,2.2,True,False
Stepper_Y1,5,6,Coba resume di bawah ambang resume (ekspektasi: diterima),2026-07-13T19:42:10.589073,1783946528,2026-07-13 19:42:08,,True,False
Stepper_Y2,1,1,Tahan nilai tinggi (harus cutoff),2026-07-13T19:42:19.668579,1783946538,2026-07-13 19:42:18,4.5,True,False
Stepper_Y2,1,2,Coba resume saat tinggi (ekspektasi: ditolak),2026-07-13T19:42:22.686593,1783946540,2026-07-13 19:42:20,,True,False
Stepper_Y2,1,3,Tahan nilai zona histeresis,2026-07-13T19:42:25.716904,1783946544,2026-07-13 19:42:24,2.8,True,False
Stepper_Y2,1,4,Coba resume di zona histeresis (ekspektasi: ditolak),2026-07-13T19:42:28.746913,1783946546,2026-07-13 19:42:26,,True,False
Stepper_Y2,1,5,Tahan nilai di bawah ambang resume,2026-07-13T19:42:31.782327,1783946550,2026-07-13 19:42:30,2.2,True,False
Stepper_Y2,1,6,Coba resume di bawah ambang resume (ekspektasi: diterima),2026-07-13T19:42:34.815091,1783946552,2026-07-13 19:42:32,,True,False
Stepper_Y2,2,1,Tahan nilai tinggi (harus cutoff),2026-07-13T19:42:43.903789,1783946562,2026-07-13 19:42:42,4.5,True,False
Stepper_Y2,2,2,Coba resume saat tinggi (ekspektasi: ditolak),2026-07-13T19:42:46.964344,1783946566,2026-07-13 19:42:46,,True,False
Stepper_Y2,2,3,Tahan nilai zona histeresis,2026-07-13T19:42:49.980352,1783946568,2026-07-13 19:42:48,2.8,True,False
Stepper_Y2,2,4,Coba resume di zona histeresis (ekspektasi: ditolak),2026-07-13T19:42:53.020228,1783946572,2026-07-13 19:42:52,,True,False
Stepper_Y2,2,5,Tahan nilai di bawah ambang resume,2026-07-13T19:42:56.062768,1783946574,2026-07-13 19:42:54,2.2,True,False
Stepper_Y2,2,6,Coba resume di bawah ambang resume (ekspektasi: diterima),2026-07-13T19:42:59.106847,1783946578,2026-07-13 19:42:58,,False,True
Stepper_Y2,3,1,Tahan nilai tinggi (harus cutoff),2026-07-13T19:43:08.189224,1783946586,2026-07-13 19:43:06,4.5,True,False
Stepper_Y2,3,2,Coba resume saat tinggi (ekspektasi: ditolak),2026-07-13T19:43:11.224819,1783946590,2026-07-13 19:43:10,,True,False
Stepper_Y2,3,3,Tahan nilai zona histeresis,2026-07-13T19:43:14.230064,1783946592,2026-07-13 19:43:12,2.8,True,False
Stepper_Y2,3,4,Coba resume di zona histeresis (ekspektasi: ditolak),2026-07-13T19:43:17.255483,1783946596,2026-07-13 19:43:16,,True,False
Stepper_Y2,3,5,Tahan nilai di bawah ambang resume,2026-07-13T19:43:20.284030,1783946598,2026-07-13 19:43:18,2.2,True,False
Stepper_Y2,3,6,Coba resume di bawah ambang resume (ekspektasi: diterima),2026-07-13T19:43:23.335167,1783946602,2026-07-13 19:43:22,,False,True
Stepper_Y2,4,1,Tahan nilai tinggi (harus cutoff),2026-07-13T19:43:32.430443,1783946610,2026-07-13 19:43:30,4.5,True,False
Stepper_Y2,4,2,Coba resume saat tinggi (ekspektasi: ditolak),2026-07-13T19:43:35.466079,1783946614,2026-07-13 19:43:34,,True,False
Stepper_Y2,4,3,Tahan nilai zona histeresis,2026-07-13T19:43:38.500358,1783946616,2026-07-13 19:43:36,2.8,True,False
Stepper_Y2,4,4,Coba resume di zona histeresis (ekspektasi: ditolak),2026-07-13T19:43:41.533159,1783946620,2026-07-13 19:43:40,,True,False
Stepper_Y2,4,5,Tahan nilai di bawah ambang resume,2026-07-13T19:43:44.562899,1783946622,2026-07-13 19:43:42,2.2,True,False
Stepper_Y2,4,6,Coba resume di bawah ambang resume (ekspektasi: diterima),2026-07-13T19:43:47.596687,1783946626,2026-07-13 19:43:46,,False,True
Stepper_Y2,5,1,Tahan nilai tinggi (harus cutoff),2026-07-13T19:43:56.687423,1783946634,2026-07-13 19:43:54,4.5,False,True
Stepper_Y2,5,2,Coba resume saat tinggi (ekspektasi: ditolak),2026-07-13T19:43:59.725482,1783946638,2026-07-13 19:43:58,,True,False
Stepper_Y2,5,3,Tahan nilai zona histeresis,2026-07-13T19:44:02.767367,1783946640,2026-07-13 19:44:00,2.8,True,False
Stepper_Y2,5,4,Coba resume di zona histeresis (ekspektasi: ditolak),2026-07-13T19:44:05.803709,1783946644,2026-07-13 19:44:04,,True,False
Stepper_Y2,5,5,Tahan nilai di bawah ambang resume,2026-07-13T19:44:08.840030,1783946648,2026-07-13 19:44:08,2.2,True,False
Stepper_Y2,5,6,Coba resume di bawah ambang resume (ekspektasi: diterima),2026-07-13T19:44:11.869709,1783946650,2026-07-13 19:44:10,,False,True
Stepper_Z,1,1,Tahan nilai tinggi (harus cutoff),2026-07-13T19:44:20.928770,1783946660,2026-07-13 19:44:20,3.0,True,False
Stepper_Z,1,2,Coba resume saat tinggi (ekspektasi: ditolak),2026-07-13T19:44:23.962912,1783946662,2026-07-13 19:44:22,,True,False
Stepper_Z,1,3,Tahan nilai zona histeresis,2026-07-13T19:44:27.004202,1783946666,2026-07-13 19:44:26,1.8,True,False
Stepper_Z,1,4,Coba resume di zona histeresis (ekspektasi: ditolak),2026-07-13T19:44:30.035028,1783946668,2026-07-13 19:44:28,,True,False
Stepper_Z,1,5,Tahan nilai di bawah ambang resume,2026-07-13T19:44:33.070319,1783946672,2026-07-13 19:44:32,1.2,True,False
Stepper_Z,1,6,Coba resume di bawah ambang resume (ekspektasi: diterima),2026-07-13T19:44:36.096661,1783946674,2026-07-13 19:44:34,,False,True
Stepper_Z,2,1,Tahan nilai tinggi (harus cutoff),2026-07-13T19:44:45.197073,1783946684,2026-07-13 19:44:44,3.0,True,False
Stepper_Z,2,2,Coba resume saat tinggi (ekspektasi: ditolak),2026-07-13T19:44:48.253307,1783946686,2026-07-13 19:44:46,,True,False
Stepper_Z,2,3,Tahan nilai zona histeresis,2026-07-13T19:44:51.310109,1783946690,2026-07-13 19:44:50,1.8,True,False
Stepper_Z,2,4,Coba resume di zona histeresis (ekspektasi: ditolak),2026-07-13T19:44:54.349388,1783946692,2026-07-13 19:44:52,,True,False
Stepper_Z,2,5,Tahan nilai di bawah ambang resume,2026-07-13T19:44:57.393987,1783946696,2026-07-13 19:44:56,1.2,True,False
Stepper_Z,2,6,Coba resume di bawah ambang resume (ekspektasi: diterima),2026-07-13T19:45:00.434703,1783946698,2026-07-13 19:44:58,,False,True
Stepper_Z,3,1,Tahan nilai tinggi (harus cutoff),2026-07-13T19:45:09.498719,1783946708,2026-07-13 19:45:08,3.0,True,False
Stepper_Z,3,2,Coba resume saat tinggi (ekspektasi: ditolak),2026-07-13T19:45:12.531662,1783946710,2026-07-13 19:45:10,,True,False
Stepper_Z,3,3,Tahan nilai zona histeresis,2026-07-13T19:45:15.559258,1783946714,2026-07-13 19:45:14,1.8,True,False
Stepper_Z,3,4,Coba resume di zona histeresis (ekspektasi: ditolak),2026-07-13T19:45:18.589356,1783946716,2026-07-13 19:45:16,,True,False
Stepper_Z,3,5,Tahan nilai di bawah ambang resume,2026-07-13T19:45:21.637685,1783946720,2026-07-13 19:45:20,1.2,True,False
Stepper_Z,3,6,Coba resume di bawah ambang resume (ekspektasi: diterima),2026-07-13T19:45:24.671430,1783946722,2026-07-13 19:45:22,,True,False
Stepper_Z,4,1,Tahan nilai tinggi (harus cutoff),2026-07-13T19:45:33.730128,1783946732,2026-07-13 19:45:32,3.0,True,False
Stepper_Z,4,2,Coba resume saat tinggi (ekspektasi: ditolak),2026-07-13T19:45:36.786415,1783946734,2026-07-13 19:45:34,,True,False
Stepper_Z,4,3,Tahan nilai zona histeresis,2026-07-13T19:45:39.826392,1783946738,2026-07-13 19:45:38,1.8,True,False
Stepper_Z,4,4,Coba resume di zona histeresis (ekspektasi: ditolak),2026-07-13T19:45:42.866852,1783946742,2026-07-13 19:45:42,,True,False
Stepper_Z,4,5,Tahan nilai di bawah ambang resume,2026-07-13T19:45:45.902275,1783946744,2026-07-13 19:45:44,1.2,True,False
Stepper_Z,4,6,Coba resume di bawah ambang resume (ekspektasi: diterima),2026-07-13T19:45:48.934450,1783946748,2026-07-13 19:45:48,,False,True
Stepper_Z,5,1,Tahan nilai tinggi (harus cutoff),2026-07-13T19:45:57.992224,1783946756,2026-07-13 19:45:56,3.0,True,False
Stepper_Z,5,2,Coba resume saat tinggi (ekspektasi: ditolak),2026-07-13T19:46:01.038452,1783946760,2026-07-13 19:46:00,,True,False
Stepper_Z,5,3,Tahan nilai zona histeresis,2026-07-13T19:46:04.077096,1783946762,2026-07-13 19:46:02,1.8,True,False
Stepper_Z,5,4,Coba resume di zona histeresis (ekspektasi: ditolak),2026-07-13T19:46:07.108829,1783946766,2026-07-13 19:46:06,,True,False
Stepper_Z,5,5,Tahan nilai di bawah ambang resume,2026-07-13T19:46:10.162850,1783946768,2026-07-13 19:46:08,1.2,True,False
Stepper_Z,5,6,Coba resume di bawah ambang resume (ekspektasi: diterima),2026-07-13T19:46:13.199970,1783946772,2026-07-13 19:46:12,,False,True
Spindle,1,1,Tahan nilai tinggi (harus cutoff),2026-07-13T19:46:22.277375,1783946780,2026-07-13 19:46:20,4.5,True,False
Spindle,1,2,Coba resume saat tinggi (ekspektasi: ditolak),2026-07-13T19:46:25.312360,1783946784,2026-07-13 19:46:24,,True,False
Spindle,1,3,Tahan nilai zona histeresis,2026-07-13T19:46:28.361634,1783946786,2026-07-13 19:46:26,2.8,True,False
Spindle,1,4,Coba resume di zona histeresis (ekspektasi: ditolak),2026-07-13T19:46:31.422569,1783946790,2026-07-13 19:46:30,,True,False
Spindle,1,5,Tahan nilai di bawah ambang resume,2026-07-13T19:46:34.459980,1783946792,2026-07-13 19:46:32,2.2,True,False
Spindle,1,6,Coba resume di bawah ambang resume (ekspektasi: diterima),2026-07-13T19:46:37.517105,1783946796,2026-07-13 19:46:36,,False,True
Spindle,2,1,Tahan nilai tinggi (harus cutoff),2026-07-13T19:46:46.563622,1783946804,2026-07-13 19:46:44,4.5,False,True
Spindle,2,2,Coba resume saat tinggi (ekspektasi: ditolak),2026-07-13T19:46:49.615415,1783946808,2026-07-13 19:46:48,,True,False
Spindle,2,3,Tahan nilai zona histeresis,2026-07-13T19:46:52.676703,1783946810,2026-07-13 19:46:50,2.8,True,False
Spindle,2,4,Coba resume di zona histeresis (ekspektasi: ditolak),2026-07-13T19:46:55.714647,1783946814,2026-07-13 19:46:54,,True,False
Spindle,2,5,Tahan nilai di bawah ambang resume,2026-07-13T19:46:58.755354,1783946816,2026-07-13 19:46:56,2.2,True,False
Spindle,2,6,Coba resume di bawah ambang resume (ekspektasi: diterima),2026-07-13T19:47:01.798505,1783946820,2026-07-13 19:47:00,,False,True
Spindle,3,1,Tahan nilai tinggi (harus cutoff),2026-07-13T19:47:10.876990,1783946830,2026-07-13 19:47:10,4.5,True,False
Spindle,3,2,Coba resume saat tinggi (ekspektasi: ditolak),2026-07-13T19:47:13.902666,1783946832,2026-07-13 19:47:12,,True,False
Spindle,3,3,Tahan nilai zona histeresis,2026-07-13T19:47:16.931793,1783946836,2026-07-13 19:47:16,2.8,True,False
Spindle,3,4,Coba resume di zona histeresis (ekspektasi: ditolak),2026-07-13T19:47:19.960865,1783946838,2026-07-13 19:47:18,,True,False
Spindle,3,5,Tahan nilai di bawah ambang resume,2026-07-13T19:47:23.005791,1783946842,2026-07-13 19:47:22,2.2,True,False
Spindle,3,6,Coba resume di bawah ambang resume (ekspektasi: diterima),2026-07-13T19:47:26.011174,1783946844,2026-07-13 19:47:24,,False,True
Spindle,4,1,Tahan nilai tinggi (harus cutoff),2026-07-13T19:47:35.112178,1783946854,2026-07-13 19:47:34,4.5,True,False
Spindle,4,2,Coba resume saat tinggi (ekspektasi: ditolak),2026-07-13T19:47:38.142144,1783946856,2026-07-13 19:47:36,,True,False
Spindle,4,3,Tahan nilai zona histeresis,2026-07-13T19:47:41.146816,1783946860,2026-07-13 19:47:40,2.8,True,False
Spindle,4,4,Coba resume di zona histeresis (ekspektasi: ditolak),2026-07-13T19:47:44.181332,1783946862,2026-07-13 19:47:42,,True,False
Spindle,4,5,Tahan nilai di bawah ambang resume,2026-07-13T19:47:47.219089,1783946866,2026-07-13 19:47:46,2.2,True,False
Spindle,4,6,Coba resume di bawah ambang resume (ekspektasi: diterima),2026-07-13T19:47:50.247046,1783946868,2026-07-13 19:47:48,,False,True
Spindle,5,1,Tahan nilai tinggi (harus cutoff),2026-07-13T19:47:59.338464,1783946878,2026-07-13 19:47:58,4.5,True,False
Spindle,5,2,Coba resume saat tinggi (ekspektasi: ditolak),2026-07-13T19:48:02.384543,1783946880,2026-07-13 19:48:00,,True,False
Spindle,5,3,Tahan nilai zona histeresis,2026-07-13T19:48:05.429830,1783946884,2026-07-13 19:48:04,2.8,True,False
Spindle,5,4,Coba resume di zona histeresis (ekspektasi: ditolak),2026-07-13T19:48:08.479920,1783946886,2026-07-13 19:48:06,,True,False
Spindle,5,5,Tahan nilai di bawah ambang resume,2026-07-13T19:48:11.521663,1783946890,2026-07-13 19:48:10,2.2,True,False
Spindle,5,6,Coba resume di bawah ambang resume (ekspektasi: diterima),2026-07-13T19:48:14.570390,1783946892,2026-07-13 19:48:12,,True,False
Stepper_X,1,1,Tahan nilai tinggi (harus cutoff),2026-07-13T20:20:58.880605,1783948857,2026-07-13 20:20:57,4.5,True,False,1
Stepper_X,1,2,Coba resume saat tinggi (ekspektasi: ditolak),2026-07-13T20:21:04.916902,1783948863,2026-07-13 20:21:03,,True,False,1
Stepper_X,1,3,Tahan nilai zona histeresis,2026-07-13T20:21:10.952725,1783948869,2026-07-13 20:21:09,2.8,True,False,1
Stepper_X,1,4,Coba resume di zona histeresis (ekspektasi: ditolak),2026-07-13T20:21:16.985355,1783948875,2026-07-13 20:21:15,,True,False,1
Stepper_X,1,5,Tahan nilai di bawah ambang resume,2026-07-13T20:21:23.036528,1783948883,2026-07-13 20:21:23,2.2,True,False,1
Stepper_X,1,6,Coba resume di bawah ambang resume (ekspektasi: diterima),2026-07-13T20:21:29.056569,1783948889,2026-07-13 20:21:29,,False,True,1
Stepper_X,2,1,Tahan nilai tinggi (harus cutoff),2026-07-13T20:21:41.135569,1783948901,2026-07-13 20:21:41,4.5,True,False,1
Stepper_X,2,2,Coba resume saat tinggi (ekspektasi: ditolak),2026-07-13T20:21:47.180502,1783948907,2026-07-13 20:21:47,,True,False,1
Stepper_X,2,3,Tahan nilai zona histeresis,2026-07-13T20:21:53.201897,1783948913,2026-07-13 20:21:53,2.8,True,False,1
Stepper_X,2,4,Coba resume di zona histeresis (ekspektasi: ditolak),2026-07-13T20:21:59.235679,1783948919,2026-07-13 20:21:59,,True,False,1
Stepper_X,2,5,Tahan nilai di bawah ambang resume,2026-07-13T20:22:05.257689,1783948925,2026-07-13 20:22:05,2.2,True,False,1
Stepper_X,2,6,Coba resume di bawah ambang resume (ekspektasi: diterima),2026-07-13T20:22:11.286607,1783948931,2026-07-13 20:22:11,,False,True,1
Stepper_X,3,1,Tahan nilai tinggi (harus cutoff),2026-07-13T20:22:23.374140,1783948943,2026-07-13 20:22:23,4.5,True,False,1
Stepper_X,3,2,Coba resume saat tinggi (ekspektasi: ditolak),2026-07-13T20:22:29.411942,1783948949,2026-07-13 20:22:29,,True,False,1
Stepper_X,3,3,Tahan nilai zona histeresis,2026-07-13T20:22:35.456293,1783948955,2026-07-13 20:22:35,2.8,True,False,1
Stepper_X,3,4,Coba resume di zona histeresis (ekspektasi: ditolak),2026-07-13T20:22:41.490552,1783948961,2026-07-13 20:22:41,,True,False,1
Stepper_X,3,5,Tahan nilai di bawah ambang resume,2026-07-13T20:22:47.531990,1783948967,2026-07-13 20:22:47,2.2,True,False,1
Stepper_X,3,6,Coba resume di bawah ambang resume (ekspektasi: diterima),2026-07-13T20:22:53.584454,1783948973,2026-07-13 20:22:53,,False,True,1
Stepper_X,4,1,Tahan nilai tinggi (harus cutoff),2026-07-13T20:23:05.632448,1783948985,2026-07-13 20:23:05,4.5,True,False,1
Stepper_X,4,2,Coba resume saat tinggi (ekspektasi: ditolak),2026-07-13T20:23:11.676834,1783948991,2026-07-13 20:23:11,,True,False,1
Stepper_X,4,3,Tahan nilai zona histeresis,2026-07-13T20:23:17.697567,1783948997,2026-07-13 20:23:17,2.8,True,False,1
Stepper_X,4,4,Coba resume di zona histeresis (ekspektasi: ditolak),2026-07-13T20:23:23.737892,1783949003,2026-07-13 20:23:23,,True,False,1
Stepper_X,4,5,Tahan nilai di bawah ambang resume,2026-07-13T20:23:29.793956,1783949009,2026-07-13 20:23:29,2.2,True,False,1
Stepper_X,4,6,Coba resume di bawah ambang resume (ekspektasi: diterima),2026-07-13T20:23:35.814399,1783949015,2026-07-13 20:23:35,,False,True,1
Stepper_X,5,1,Tahan nilai tinggi (harus cutoff),2026-07-13T20:23:47.899128,1783949027,2026-07-13 20:23:47,4.5,True,False,1
Stepper_X,5,2,Coba resume saat tinggi (ekspektasi: ditolak),2026-07-13T20:23:53.933096,1783949033,2026-07-13 20:23:53,,True,False,1
Stepper_X,5,3,Tahan nilai zona histeresis,2026-07-13T20:23:59.968721,1783949039,2026-07-13 20:23:59,2.8,True,False,1
Stepper_X,5,4,Coba resume di zona histeresis (ekspektasi: ditolak),2026-07-13T20:24:05.999242,1783949045,2026-07-13 20:24:05,,True,False,1
Stepper_X,5,5,Tahan nilai di bawah ambang resume,2026-07-13T20:24:12.031800,1783949051,2026-07-13 20:24:11,2.2,True,False,1
Stepper_X,5,6,Coba resume di bawah ambang resume (ekspektasi: diterima),2026-07-13T20:24:18.083727,1783949057,2026-07-13 20:24:17,,False,True,1
Stepper_X,6,1,Tahan nilai tinggi (harus cutoff),2026-07-13T20:24:30.131109,1783949069,2026-07-13 20:24:29,4.5,True,False,1
Stepper_X,6,2,Coba resume saat tinggi (ekspektasi: ditolak),2026-07-13T20:24:36.171843,1783949075,2026-07-13 20:24:35,,True,False,1
Stepper_X,6,3,Tahan nilai zona histeresis,2026-07-13T20:24:42.210983,1783949081,2026-07-13 20:24:41,2.8,True,False,1
Stepper_X,6,4,Coba resume di zona histeresis (ekspektasi: ditolak),2026-07-13T20:24:48.259332,1783949087,2026-07-13 20:24:47,,True,False,1
Stepper_X,6,5,Tahan nilai di bawah ambang resume,2026-07-13T20:24:54.319923,1783949093,2026-07-13 20:24:53,2.2,True,False,1
Stepper_X,6,6,Coba resume di bawah ambang resume (ekspektasi: diterima),2026-07-13T20:25:00.370979,1783949099,2026-07-13 20:24:59,,False,True,1
Stepper_X,7,1,Tahan nilai tinggi (harus cutoff),2026-07-13T20:25:12.435600,1783949111,2026-07-13 20:25:11,4.5,True,False,1
Stepper_X,7,2,Coba resume saat tinggi (ekspektasi: ditolak),2026-07-13T20:25:18.480475,1783949117,2026-07-13 20:25:17,,True,False,1
Stepper_X,7,3,Tahan nilai zona histeresis,2026-07-13T20:25:24.525304,1783949123,2026-07-13 20:25:23,2.8,True,False,1
Stepper_X,7,4,Coba resume di zona histeresis (ekspektasi: ditolak),2026-07-13T20:25:30.559088,1783949129,2026-07-13 20:25:29,,True,False,1
Stepper_X,7,5,Tahan nilai di bawah ambang resume,2026-07-13T20:25:36.566463,1783949135,2026-07-13 20:25:35,2.2,True,False,1
Stepper_X,7,6,Coba resume di bawah ambang resume (ekspektasi: diterima),2026-07-13T20:25:42.623070,1783949141,2026-07-13 20:25:41,,False,True,1
Stepper_X,8,1,Tahan nilai tinggi (harus cutoff),2026-07-13T20:25:54.719706,1783949153,2026-07-13 20:25:53,4.5,True,False,1
Stepper_X,8,2,Coba resume saat tinggi (ekspektasi: ditolak),2026-07-13T20:26:00.760822,1783949159,2026-07-13 20:25:59,,True,False,1
Stepper_X,8,3,Tahan nilai zona histeresis,2026-07-13T20:26:06.795249,1783949165,2026-07-13 20:26:05,2.8,True,False,1
Stepper_X,8,4,Coba resume di zona histeresis (ekspektasi: ditolak),2026-07-13T20:26:12.834875,1783949171,2026-07-13 20:26:11,,True,False,1
Stepper_X,8,5,Tahan nilai di bawah ambang resume,2026-07-13T20:26:18.886639,1783949177,2026-07-13 20:26:17,2.2,True,False,1
Stepper_X,8,6,Coba resume di bawah ambang resume (ekspektasi: diterima),2026-07-13T20:26:24.916141,1783949183,2026-07-13 20:26:23,,False,True,1
Stepper_X,9,1,Tahan nilai tinggi (harus cutoff),2026-07-13T20:26:37.012101,1783949197,2026-07-13 20:26:37,4.5,True,False,1
Stepper_X,9,2,Coba resume saat tinggi (ekspektasi: ditolak),2026-07-13T20:26:43.041153,1783949203,2026-07-13 20:26:43,,True,False,1
Stepper_X,9,3,Tahan nilai zona histeresis,2026-07-13T20:26:49.066190,1783949209,2026-07-13 20:26:49,2.8,True,False,1
Stepper_X,9,4,Coba resume di zona histeresis (ekspektasi: ditolak),2026-07-13T20:26:55.093837,1783949215,2026-07-13 20:26:55,,True,False,1
Stepper_X,9,5,Tahan nilai di bawah ambang resume,2026-07-13T20:27:01.098971,1783949221,2026-07-13 20:27:01,2.2,True,False,1
Stepper_X,9,6,Coba resume di bawah ambang resume (ekspektasi: diterima),2026-07-13T20:27:07.138753,1783949227,2026-07-13 20:27:07,,False,True,1
Stepper_X,10,1,Tahan nilai tinggi (harus cutoff),2026-07-13T20:27:19.180272,1783949239,2026-07-13 20:27:19,4.5,True,False,1
Stepper_X,10,2,Coba resume saat tinggi (ekspektasi: ditolak),2026-07-13T20:27:25.205035,1783949245,2026-07-13 20:27:25,,True,False,1
Stepper_X,10,3,Tahan nilai zona histeresis,2026-07-13T20:27:31.233244,1783949251,2026-07-13 20:27:31,2.8,True,False,1
Stepper_X,10,4,Coba resume di zona histeresis (ekspektasi: ditolak),2026-07-13T20:27:37.270026,1783949257,2026-07-13 20:27:37,,True,False,1
Stepper_X,10,5,Tahan nilai di bawah ambang resume,2026-07-13T20:27:43.295019,1783949263,2026-07-13 20:27:43,2.2,True,False,1
Stepper_X,10,6,Coba resume di bawah ambang resume (ekspektasi: diterima),2026-07-13T20:27:49.327276,1783949269,2026-07-13 20:27:49,,False,True,1
Stepper_Y1,1,1,Tahan nilai tinggi (harus cutoff),2026-07-13T20:28:01.364130,1783949281,2026-07-13 20:28:01,4.5,True,False,1
Stepper_Y1,1,2,Coba resume saat tinggi (ekspektasi: ditolak),2026-07-13T20:28:07.384955,1783949287,2026-07-13 20:28:07,,True,False,1
Stepper_Y1,1,3,Tahan nilai zona histeresis,2026-07-13T20:28:13.416377,1783949293,2026-07-13 20:28:13,2.8,True,False,1
Stepper_Y1,1,4,Coba resume di zona histeresis (ekspektasi: ditolak),2026-07-13T20:28:19.458566,1783949299,2026-07-13 20:28:19,,True,False,1
Stepper_Y1,1,5,Tahan nilai di bawah ambang resume,2026-07-13T20:28:25.510215,1783949305,2026-07-13 20:28:25,2.2,True,False,1
Stepper_Y1,1,6,Coba resume di bawah ambang resume (ekspektasi: diterima),2026-07-13T20:28:31.549089,1783949311,2026-07-13 20:28:31,,False,True,1
Stepper_Y1,2,1,Tahan nilai tinggi (harus cutoff),2026-07-13T20:28:43.615250,1783949323,2026-07-13 20:28:43,4.5,True,False,1
Stepper_Y1,2,2,Coba resume saat tinggi (ekspektasi: ditolak),2026-07-13T20:28:49.651794,1783949329,2026-07-13 20:28:49,,True,False,1
Stepper_Y1,2,3,Tahan nilai zona histeresis,2026-07-13T20:28:55.688752,1783949335,2026-07-13 20:28:55,2.8,True,False,1
Stepper_Y1,2,4,Coba resume di zona histeresis (ekspektasi: ditolak),2026-07-13T20:29:01.713572,1783949341,2026-07-13 20:29:01,,True,False,1
Stepper_Y1,2,5,Tahan nilai di bawah ambang resume,2026-07-13T20:29:07.744983,1783949347,2026-07-13 20:29:07,2.2,True,False,1
Stepper_Y1,2,6,Coba resume di bawah ambang resume (ekspektasi: diterima),2026-07-13T20:29:13.784158,1783949353,2026-07-13 20:29:13,,False,True,1
Stepper_Y1,3,1,Tahan nilai tinggi (harus cutoff),2026-07-13T20:29:25.854825,1783949365,2026-07-13 20:29:25,4.5,True,False,1
Stepper_Y1,3,2,Coba resume saat tinggi (ekspektasi: ditolak),2026-07-13T20:29:31.894894,1783949371,2026-07-13 20:29:31,,True,False,1
Stepper_Y1,3,3,Tahan nilai zona histeresis,2026-07-13T20:29:37.926193,1783949377,2026-07-13 20:29:37,2.8,True,False,1
Stepper_Y1,3,4,Coba resume di zona histeresis (ekspektasi: ditolak),2026-07-13T20:29:43.983889,1783949383,2026-07-13 20:29:43,,True,False,1
Stepper_Y1,3,5,Tahan nilai di bawah ambang resume,2026-07-13T20:29:50.002740,1783949389,2026-07-13 20:29:49,2.2,True,False,1
Stepper_Y1,3,6,Coba resume di bawah ambang resume (ekspektasi: diterima),2026-07-13T20:29:56.009708,1783949395,2026-07-13 20:29:55,,False,True,1
Stepper_Y1,4,1,Tahan nilai tinggi (harus cutoff),2026-07-13T20:30:08.118725,1783949407,2026-07-13 20:30:07,4.5,True,False,1
Stepper_Y1,4,2,Coba resume saat tinggi (ekspektasi: ditolak),2026-07-13T20:30:14.151964,1783949413,2026-07-13 20:30:13,,True,False,1
Stepper_Y1,4,3,Tahan nilai zona histeresis,2026-07-13T20:30:20.177623,1783949419,2026-07-13 20:30:19,2.8,True,False,1
Stepper_Y1,4,4,Coba resume di zona histeresis (ekspektasi: ditolak),2026-07-13T20:30:26.206860,1783949425,2026-07-13 20:30:25,,True,False,1
Stepper_Y1,4,5,Tahan nilai di bawah ambang resume,2026-07-13T20:30:32.241275,1783949431,2026-07-13 20:30:31,2.2,True,False,1
Stepper_Y1,4,6,Coba resume di bawah ambang resume (ekspektasi: diterima),2026-07-13T20:30:38.288670,1783949437,2026-07-13 20:30:37,,False,True,1
Stepper_Y1,5,1,Tahan nilai tinggi (harus cutoff),2026-07-13T20:30:50.336021,1783949449,2026-07-13 20:30:49,4.5,True,False,1
Stepper_Y1,5,2,Coba resume saat tinggi (ekspektasi: ditolak),2026-07-13T20:30:56.381244,1783949455,2026-07-13 20:30:55,,True,False,1
Stepper_Y1,5,3,Tahan nilai zona histeresis,2026-07-13T20:31:02.413453,1783949461,2026-07-13 20:31:01,2.8,True,False,1
Stepper_Y1,5,4,Coba resume di zona histeresis (ekspektasi: ditolak),2026-07-13T20:31:08.434943,1783949467,2026-07-13 20:31:07,,True,False,1
Stepper_Y1,5,5,Tahan nilai di bawah ambang resume,2026-07-13T20:31:14.492497,1783949473,2026-07-13 20:31:13,2.2,True,False,1
Stepper_Y1,5,6,Coba resume di bawah ambang resume (ekspektasi: diterima),2026-07-13T20:31:20.513607,1783949479,2026-07-13 20:31:19,,False,True,1
Stepper_Y1,6,1,Tahan nilai tinggi (harus cutoff),2026-07-13T20:31:32.602394,1783949491,2026-07-13 20:31:31,4.5,True,False,1
Stepper_Y1,6,2,Coba resume saat tinggi (ekspektasi: ditolak),2026-07-13T20:31:38.659920,1783949497,2026-07-13 20:31:37,,True,False,1
Stepper_Y1,6,3,Tahan nilai zona histeresis,2026-07-13T20:31:44.701706,1783949503,2026-07-13 20:31:43,2.8,True,False,1
Stepper_Y1,6,4,Coba resume di zona histeresis (ekspektasi: ditolak),2026-07-13T20:31:50.720235,1783949509,2026-07-13 20:31:49,,True,False,1
Stepper_Y1,6,5,Tahan nilai di bawah ambang resume,2026-07-13T20:31:56.738493,1783949515,2026-07-13 20:31:55,2.2,True,False,1
Stepper_Y1,6,6,Coba resume di bawah ambang resume (ekspektasi: diterima),2026-07-13T20:32:02.757175,1783949521,2026-07-13 20:32:01,,False,True,1
Stepper_Y1,7,1,Tahan nilai tinggi (harus cutoff),2026-07-13T20:32:14.809359,1783949533,2026-07-13 20:32:13,4.5,True,False,1
Stepper_Y1,7,2,Coba resume saat tinggi (ekspektasi: ditolak),2026-07-13T20:32:20.826926,1783949539,2026-07-13 20:32:19,,True,False,1
Stepper_Y1,7,3,Tahan nilai zona histeresis,2026-07-13T20:32:26.845948,1783949545,2026-07-13 20:32:25,2.8,True,False,1
Stepper_Y1,7,4,Coba resume di zona histeresis (ekspektasi: ditolak),2026-07-13T20:32:32.882981,1783949551,2026-07-13 20:32:31,,True,False,1
Stepper_Y1,7,5,Tahan nilai di bawah ambang resume,2026-07-13T20:32:38.920985,1783949557,2026-07-13 20:32:37,2.2,True,False,1
Stepper_Y1,7,6,Coba resume di bawah ambang resume (ekspektasi: diterima),2026-07-13T20:32:44.949018,1783949563,2026-07-13 20:32:43,,False,True,1
Stepper_Y1,8,1,Tahan nilai tinggi (harus cutoff),2026-07-13T20:32:56.997820,1783949577,2026-07-13 20:32:57,4.5,True,False,1
Stepper_Y1,8,2,Coba resume saat tinggi (ekspektasi: ditolak),2026-07-13T20:33:03.004784,1783949583,2026-07-13 20:33:03,,True,False,1
Stepper_Y1,8,3,Tahan nilai zona histeresis,2026-07-13T20:33:09.028279,1783949589,2026-07-13 20:33:09,2.8,True,False,1
Stepper_Y1,8,4,Coba resume di zona histeresis (ekspektasi: ditolak),2026-07-13T20:33:15.042533,1783949595,2026-07-13 20:33:15,,True,False,1
Stepper_Y1,8,5,Tahan nilai di bawah ambang resume,2026-07-13T20:33:21.062086,1783949601,2026-07-13 20:33:21,2.2,True,False,1
Stepper_Y1,8,6,Coba resume di bawah ambang resume (ekspektasi: diterima),2026-07-13T20:33:27.107640,1783949607,2026-07-13 20:33:27,,False,True,1
Stepper_Y1,9,1,Tahan nilai tinggi (harus cutoff),2026-07-13T20:33:39.139412,1783949619,2026-07-13 20:33:39,4.5,True,False,1
Stepper_Y1,9,2,Coba resume saat tinggi (ekspektasi: ditolak),2026-07-13T20:33:45.174850,1783949625,2026-07-13 20:33:45,,True,False,1
Stepper_Y1,9,3,Tahan nilai zona histeresis,2026-07-13T20:33:51.218198,1783949631,2026-07-13 20:33:51,2.8,True,False,1
Stepper_Y1,9,4,Coba resume di zona histeresis (ekspektasi: ditolak),2026-07-13T20:33:57.249431,1783949637,2026-07-13 20:33:57,,True,False,1
Stepper_Y1,9,5,Tahan nilai di bawah ambang resume,2026-07-13T20:34:03.305448,1783949643,2026-07-13 20:34:03,2.2,True,False,1
Stepper_Y1,9,6,Coba resume di bawah ambang resume (ekspektasi: diterima),2026-07-13T20:34:09.337697,1783949649,2026-07-13 20:34:09,,False,True,1
Stepper_Y1,10,1,Tahan nilai tinggi (harus cutoff),2026-07-13T20:34:21.405944,1783949661,2026-07-13 20:34:21,4.5,True,False,1
Stepper_Y1,10,2,Coba resume saat tinggi (ekspektasi: ditolak),2026-07-13T20:34:27.454895,1783949667,2026-07-13 20:34:27,,True,False,1
Stepper_Y1,10,3,Tahan nilai zona histeresis,2026-07-13T20:34:33.489295,1783949673,2026-07-13 20:34:33,2.8,True,False,1
Stepper_Y1,10,4,Coba resume di zona histeresis (ekspektasi: ditolak),2026-07-13T20:34:39.523173,1783949679,2026-07-13 20:34:39,,True,False,1
Stepper_Y1,10,5,Tahan nilai di bawah ambang resume,2026-07-13T20:34:45.547088,1783949685,2026-07-13 20:34:45,2.2,True,False,1
Stepper_Y1,10,6,Coba resume di bawah ambang resume (ekspektasi: diterima),2026-07-13T20:34:51.616109,1783949691,2026-07-13 20:34:51,,False,True,1
Stepper_Y2,1,1,Tahan nilai tinggi (harus cutoff),2026-07-13T20:35:03.691307,1783949703,2026-07-13 20:35:03,4.5,True,False,1
Stepper_Y2,1,2,Coba resume saat tinggi (ekspektasi: ditolak),2026-07-13T20:35:09.727151,1783949709,2026-07-13 20:35:09,,True,False,1
Stepper_Y2,1,3,Tahan nilai zona histeresis,2026-07-13T20:35:15.756163,1783949715,2026-07-13 20:35:15,2.8,True,False,1
Stepper_Y2,1,4,Coba resume di zona histeresis (ekspektasi: ditolak),2026-07-13T20:35:21.784677,1783949721,2026-07-13 20:35:21,,True,False,1
Stepper_Y2,1,5,Tahan nilai di bawah ambang resume,2026-07-13T20:35:27.810307,1783949727,2026-07-13 20:35:27,2.2,True,False,1
Stepper_Y2,1,6,Coba resume di bawah ambang resume (ekspektasi: diterima),2026-07-13T20:35:33.836882,1783949733,2026-07-13 20:35:33,,False,True,1
Stepper_Y2,2,1,Tahan nilai tinggi (harus cutoff),2026-07-13T20:35:45.940134,1783949745,2026-07-13 20:35:45,4.5,True,False,1
Stepper_Y2,2,2,Coba resume saat tinggi (ekspektasi: ditolak),2026-07-13T20:35:51.966892,1783949751,2026-07-13 20:35:51,,True,False,1
Stepper_Y2,2,3,Tahan nilai zona histeresis,2026-07-13T20:35:58.002764,1783949757,2026-07-13 20:35:57,2.8,True,False,1
Stepper_Y2,2,4,Coba resume di zona histeresis (ekspektasi: ditolak),2026-07-13T20:36:04.038712,1783949763,2026-07-13 20:36:03,,True,False,1
Stepper_Y2,2,5,Tahan nilai di bawah ambang resume,2026-07-13T20:36:10.093600,1783949769,2026-07-13 20:36:09,2.2,True,False,1
Stepper_Y2,2,6,Coba resume di bawah ambang resume (ekspektasi: diterima),2026-07-13T20:36:16.126301,1783949775,2026-07-13 20:36:15,,False,True,1
Stepper_Y2,3,1,Tahan nilai tinggi (harus cutoff),2026-07-13T20:36:28.180130,1783949787,2026-07-13 20:36:27,4.5,True,False,1
Stepper_Y2,3,2,Coba resume saat tinggi (ekspektasi: ditolak),2026-07-13T20:36:34.212479,1783949793,2026-07-13 20:36:33,,True,False,1
Stepper_Y2,3,3,Tahan nilai zona histeresis,2026-07-13T20:36:40.259547,1783949799,2026-07-13 20:36:39,2.8,True,False,1
Stepper_Y2,3,4,Coba resume di zona histeresis (ekspektasi: ditolak),2026-07-13T20:36:46.297391,1783949805,2026-07-13 20:36:45,,True,False,1
Stepper_Y2,3,5,Tahan nilai di bawah ambang resume,2026-07-13T20:36:52.337882,1783949811,2026-07-13 20:36:51,2.2,True,False,1
Stepper_Y2,3,6,Coba resume di bawah ambang resume (ekspektasi: diterima),2026-07-13T20:36:58.390408,1783949817,2026-07-13 20:36:57,,False,True,1
Stepper_Y2,4,1,Tahan nilai tinggi (harus cutoff),2026-07-13T20:37:10.479997,1783949829,2026-07-13 20:37:09,4.5,True,False,1
Stepper_Y2,4,2,Coba resume saat tinggi (ekspektasi: ditolak),2026-07-13T20:37:16.527765,1783949835,2026-07-13 20:37:15,,True,False,1
Stepper_Y2,4,3,Tahan nilai zona histeresis,2026-07-13T20:37:22.556878,1783949841,2026-07-13 20:37:21,2.8,True,False,1
Stepper_Y2,4,4,Coba resume di zona histeresis (ekspektasi: ditolak),2026-07-13T20:37:28.602116,1783949847,2026-07-13 20:37:27,,True,False,1
Stepper_Y2,4,5,Tahan nilai di bawah ambang resume,2026-07-13T20:37:34.659019,1783949853,2026-07-13 20:37:33,2.2,True,False,1
Stepper_Y2,4,6,Coba resume di bawah ambang resume (ekspektasi: diterima),2026-07-13T20:37:40.696181,1783949859,2026-07-13 20:37:39,,False,True,1
Stepper_Y2,5,1,Tahan nilai tinggi (harus cutoff),2026-07-13T20:37:52.741706,1783949871,2026-07-13 20:37:51,4.5,True,False,1
Stepper_Y2,5,2,Coba resume saat tinggi (ekspektasi: ditolak),2026-07-13T20:37:58.768242,1783949877,2026-07-13 20:37:57,,True,False,1
Stepper_Y2,5,3,Tahan nilai zona histeresis,2026-07-13T20:38:04.813408,1783949883,2026-07-13 20:38:03,2.8,True,False,1
Stepper_Y2,5,4,Coba resume di zona histeresis (ekspektasi: ditolak),2026-07-13T20:38:10.835659,1783949889,2026-07-13 20:38:09,,True,False,1
Stepper_Y2,5,5,Tahan nilai di bawah ambang resume,2026-07-13T20:38:16.876642,1783949895,2026-07-13 20:38:15,2.2,True,False,1
Stepper_Y2,5,6,Coba resume di bawah ambang resume (ekspektasi: diterima),2026-07-13T20:38:22.896606,1783949901,2026-07-13 20:38:21,,False,True,1
Stepper_Y2,6,1,Tahan nilai tinggi (harus cutoff),2026-07-13T20:38:34.980900,1783949915,2026-07-13 20:38:35,4.5,True,False,1
Stepper_Y2,6,2,Coba resume saat tinggi (ekspektasi: ditolak),2026-07-13T20:38:40.987500,1783949921,2026-07-13 20:38:41,,True,False,1
Stepper_Y2,6,3,Tahan nilai zona histeresis,2026-07-13T20:38:47.038004,1783949927,2026-07-13 20:38:47,2.8,True,False,1
Stepper_Y2,6,4,Coba resume di zona histeresis (ekspektasi: ditolak),2026-07-13T20:38:53.081817,1783949933,2026-07-13 20:38:53,,True,False,1
Stepper_Y2,6,5,Tahan nilai di bawah ambang resume,2026-07-13T20:38:59.101224,1783949939,2026-07-13 20:38:59,2.2,True,False,1
Stepper_Y2,6,6,Coba resume di bawah ambang resume (ekspektasi: diterima),2026-07-13T20:39:05.153881,1783949945,2026-07-13 20:39:05,,False,True,1
Stepper_Y2,7,1,Tahan nilai tinggi (harus cutoff),2026-07-13T20:39:17.196658,1783949957,2026-07-13 20:39:17,4.5,True,False,1
Stepper_Y2,7,2,Coba resume saat tinggi (ekspektasi: ditolak),2026-07-13T20:39:23.245864,1783949963,2026-07-13 20:39:23,,True,False,1
Stepper_Y2,7,3,Tahan nilai zona histeresis,2026-07-13T20:39:29.251768,1783949969,2026-07-13 20:39:29,2.8,True,False,1
Stepper_Y2,7,4,Coba resume di zona histeresis (ekspektasi: ditolak),2026-07-13T20:39:35.266752,1783949975,2026-07-13 20:39:35,,True,False,1
Stepper_Y2,7,5,Tahan nilai di bawah ambang resume,2026-07-13T20:39:41.290230,1783949981,2026-07-13 20:39:41,2.2,True,False,1
Stepper_Y2,7,6,Coba resume di bawah ambang resume (ekspektasi: diterima),2026-07-13T20:39:47.319663,1783949987,2026-07-13 20:39:47,,False,True,1
Stepper_Y2,8,1,Tahan nilai tinggi (harus cutoff),2026-07-13T20:39:59.388701,1783949999,2026-07-13 20:39:59,4.5,True,False,1
Stepper_Y2,8,2,Coba resume saat tinggi (ekspektasi: ditolak),2026-07-13T20:40:05.421898,1783950005,2026-07-13 20:40:05,,True,False,1
Stepper_Y2,8,3,Tahan nilai zona histeresis,2026-07-13T20:40:11.453862,1783950011,2026-07-13 20:40:11,2.8,True,False,1
Stepper_Y2,8,4,Coba resume di zona histeresis (ekspektasi: ditolak),2026-07-13T20:40:17.496510,1783950017,2026-07-13 20:40:17,,True,False,1
Stepper_Y2,8,5,Tahan nilai di bawah ambang resume,2026-07-13T20:40:23.526120,1783950023,2026-07-13 20:40:23,2.2,True,False,1
Stepper_Y2,8,6,Coba resume di bawah ambang resume (ekspektasi: diterima),2026-07-13T20:40:29.569105,1783950029,2026-07-13 20:40:29,,False,True,1
Stepper_Y2,9,1,Tahan nilai tinggi (harus cutoff),2026-07-13T20:40:41.639906,1783950041,2026-07-13 20:40:41,4.5,True,False,1
Stepper_Y2,9,2,Coba resume saat tinggi (ekspektasi: ditolak),2026-07-13T20:40:47.671779,1783950047,2026-07-13 20:40:47,,True,False,1
Stepper_Y2,9,3,Tahan nilai zona histeresis,2026-07-13T20:40:53.725673,1783950053,2026-07-13 20:40:53,2.8,True,False,1
Stepper_Y2,9,4,Coba resume di zona histeresis (ekspektasi: ditolak),2026-07-13T20:40:59.755270,1783950059,2026-07-13 20:40:59,,True,False,1
Stepper_Y2,9,5,Tahan nilai di bawah ambang resume,2026-07-13T20:41:05.791126,1783950065,2026-07-13 20:41:05,2.2,True,False,1
Stepper_Y2,9,6,Coba resume di bawah ambang resume (ekspektasi: diterima),2026-07-13T20:41:11.796155,1783950071,2026-07-13 20:41:11,,False,True,1
Stepper_Y2,10,1,Tahan nilai tinggi (harus cutoff),2026-07-13T20:41:23.877924,1783950083,2026-07-13 20:41:23,4.5,True,False,1
Stepper_Y2,10,2,Coba resume saat tinggi (ekspektasi: ditolak),2026-07-13T20:41:29.915905,1783950089,2026-07-13 20:41:29,,True,False,1
Stepper_Y2,10,3,Tahan nilai zona histeresis,2026-07-13T20:41:35.957098,1783950095,2026-07-13 20:41:35,2.8,True,False,1
Stepper_Y2,10,4,Coba resume di zona histeresis (ekspektasi: ditolak),2026-07-13T20:41:42.003491,1783950101,2026-07-13 20:41:41,,True,False,1
Stepper_Y2,10,5,Tahan nilai di bawah ambang resume,2026-07-13T20:41:48.060646,1783950107,2026-07-13 20:41:47,2.2,True,False,1
Stepper_Y2,10,6,Coba resume di bawah ambang resume (ekspektasi: diterima),2026-07-13T20:41:54.087018,1783950113,2026-07-13 20:41:53,,False,True,1
Stepper_Z,1,1,Tahan nilai tinggi (harus cutoff),2026-07-13T20:42:06.134982,1783950125,2026-07-13 20:42:05,3.0,True,False,1
Stepper_Z,1,2,Coba resume saat tinggi (ekspektasi: ditolak),2026-07-13T20:42:12.175147,1783950131,2026-07-13 20:42:11,,True,False,1
Stepper_Z,1,3,Tahan nilai zona histeresis,2026-07-13T20:42:18.231490,1783950137,2026-07-13 20:42:17,1.8,True,False,1
Stepper_Z,1,4,Coba resume di zona histeresis (ekspektasi: ditolak),2026-07-13T20:42:24.247627,1783950143,2026-07-13 20:42:23,,True,False,1
Stepper_Z,1,5,Tahan nilai di bawah ambang resume,2026-07-13T20:42:30.265169,1783950149,2026-07-13 20:42:29,1.2,True,False,1
Stepper_Z,1,6,Coba resume di bawah ambang resume (ekspektasi: diterima),2026-07-13T20:42:36.306081,1783950155,2026-07-13 20:42:35,,False,True,1
Stepper_Z,2,1,Tahan nilai tinggi (harus cutoff),2026-07-13T20:42:48.359862,1783950167,2026-07-13 20:42:47,3.0,True,False,1
Stepper_Z,2,2,Coba resume saat tinggi (ekspektasi: ditolak),2026-07-13T20:42:54.383787,1783950173,2026-07-13 20:42:53,,True,False,1
Stepper_Z,2,3,Tahan nilai zona histeresis,2026-07-13T20:43:00.406875,1783950179,2026-07-13 20:42:59,1.8,True,False,1
Stepper_Z,2,4,Coba resume di zona histeresis (ekspektasi: ditolak),2026-07-13T20:43:06.464635,1783950185,2026-07-13 20:43:05,,True,False,1
Stepper_Z,2,5,Tahan nilai di bawah ambang resume,2026-07-13T20:43:12.518099,1783950191,2026-07-13 20:43:11,1.2,True,False,1
Stepper_Z,2,6,Coba resume di bawah ambang resume (ekspektasi: diterima),2026-07-13T20:43:18.545260,1783950197,2026-07-13 20:43:17,,False,True,1
Stepper_Z,3,1,Tahan nilai tinggi (harus cutoff),2026-07-13T20:43:30.625824,1783950209,2026-07-13 20:43:29,3.0,True,False,1
Stepper_Z,3,2,Coba resume saat tinggi (ekspektasi: ditolak),2026-07-13T20:43:36.658522,1783950215,2026-07-13 20:43:35,,True,False,1
Stepper_Z,3,3,Tahan nilai zona histeresis,2026-07-13T20:43:42.677901,1783950221,2026-07-13 20:43:41,1.8,True,False,1
Stepper_Z,3,4,Coba resume di zona histeresis (ekspektasi: ditolak),2026-07-13T20:43:48.715486,1783950227,2026-07-13 20:43:47,,True,False,1
Stepper_Z,3,5,Tahan nilai di bawah ambang resume,2026-07-13T20:43:54.736834,1783950233,2026-07-13 20:43:53,1.2,True,False,1
Stepper_Z,3,6,Coba resume di bawah ambang resume (ekspektasi: diterima),2026-07-13T20:44:00.779163,1783950239,2026-07-13 20:43:59,,False,True,1
Stepper_Z,4,1,Tahan nilai tinggi (harus cutoff),2026-07-13T20:44:12.866511,1783950251,2026-07-13 20:44:11,3.0,True,False,1
Stepper_Z,4,2,Coba resume saat tinggi (ekspektasi: ditolak),2026-07-13T20:44:18.895474,1783950257,2026-07-13 20:44:17,,True,False,1
Stepper_Z,4,3,Tahan nilai zona histeresis,2026-07-13T20:44:24.928894,1783950263,2026-07-13 20:44:23,1.8,True,False,1
Stepper_Z,4,4,Coba resume di zona histeresis (ekspektasi: ditolak),2026-07-13T20:44:30.962656,1783950271,2026-07-13 20:44:31,,True,False,1
Stepper_Z,4,5,Tahan nilai di bawah ambang resume,2026-07-13T20:44:36.970577,1783950277,2026-07-13 20:44:37,1.2,True,False,1
Stepper_Z,4,6,Coba resume di bawah ambang resume (ekspektasi: diterima),2026-07-13T20:44:42.997073,1783950283,2026-07-13 20:44:43,,False,True,1
Stepper_Z,5,1,Tahan nilai tinggi (harus cutoff),2026-07-13T20:44:55.044996,1783950295,2026-07-13 20:44:55,3.0,True,False,1
Stepper_Z,5,2,Coba resume saat tinggi (ekspektasi: ditolak),2026-07-13T20:45:01.086179,1783950301,2026-07-13 20:45:01,,True,False,1
Stepper_Z,5,3,Tahan nilai zona histeresis,2026-07-13T20:45:07.102079,1783950305,2026-07-13 20:45:05,1.8,True,False,1
Stepper_Z,5,4,Coba resume di zona histeresis (ekspektasi: ditolak),2026-07-13T20:45:13.107619,1783950313,2026-07-13 20:45:13,,True,False,1
Stepper_Z,5,5,Tahan nilai di bawah ambang resume,2026-07-13T20:45:19.113363,1783950319,2026-07-13 20:45:19,1.2,True,False,1
Stepper_Z,5,6,Coba resume di bawah ambang resume (ekspektasi: diterima),2026-07-13T20:45:25.171946,1783950325,2026-07-13 20:45:25,,False,True,1
Stepper_Z,6,1,Tahan nilai tinggi (harus cutoff),2026-07-13T20:45:37.270670,1783950337,2026-07-13 20:45:37,3.0,True,False,1
Stepper_Z,6,2,Coba resume saat tinggi (ekspektasi: ditolak),2026-07-13T20:45:43.322529,1783950343,2026-07-13 20:45:43,,True,False,1
Stepper_Z,6,3,Tahan nilai zona histeresis,2026-07-13T20:45:49.365431,1783950349,2026-07-13 20:45:49,1.8,True,False,1
Stepper_Z,6,4,Coba resume di zona histeresis (ekspektasi: ditolak),2026-07-13T20:45:55.395587,1783950355,2026-07-13 20:45:55,,True,False,1
Stepper_Z,6,5,Tahan nilai di bawah ambang resume,2026-07-13T20:46:01.430589,1783950361,2026-07-13 20:46:01,1.2,True,False,1
Stepper_Z,6,6,Coba resume di bawah ambang resume (ekspektasi: diterima),2026-07-13T20:46:07.473432,1783950367,2026-07-13 20:46:07,,False,True,1
Stepper_Z,7,1,Tahan nilai tinggi (harus cutoff),2026-07-13T20:46:19.551739,1783950379,2026-07-13 20:46:19,3.0,True,False,1
Stepper_Z,7,2,Coba resume saat tinggi (ekspektasi: ditolak),2026-07-13T20:46:25.570581,1783950385,2026-07-13 20:46:25,,True,False,1
Stepper_Z,7,3,Tahan nilai zona histeresis,2026-07-13T20:46:31.604919,1783950391,2026-07-13 20:46:31,1.8,True,False,1
Stepper_Z,7,4,Coba resume di zona histeresis (ekspektasi: ditolak),2026-07-13T20:46:37.641917,1783950397,2026-07-13 20:46:37,,True,False,1
Stepper_Z,7,5,Tahan nilai di bawah ambang resume,2026-07-13T20:46:43.673258,1783950403,2026-07-13 20:46:43,1.2,True,False,1
Stepper_Z,7,6,Coba resume di bawah ambang resume (ekspektasi: diterima),2026-07-13T20:46:49.702047,1783950409,2026-07-13 20:46:49,,False,True,1
Stepper_Z,8,1,Tahan nilai tinggi (harus cutoff),2026-07-13T20:47:01.761687,1783950421,2026-07-13 20:47:01,3.0,True,False,1
Stepper_Z,8,2,Coba resume saat tinggi (ekspektasi: ditolak),2026-07-13T20:47:07.780889,1783950427,2026-07-13 20:47:07,,True,False,1
Stepper_Z,8,3,Tahan nilai zona histeresis,2026-07-13T20:47:13.785015,1783950433,2026-07-13 20:47:13,1.8,True,False,1
Stepper_Z,8,4,Coba resume di zona histeresis (ekspektasi: ditolak),2026-07-13T20:47:19.832726,1783950439,2026-07-13 20:47:19,,True,False,1
Stepper_Z,8,5,Tahan nilai di bawah ambang resume,2026-07-13T20:47:25.851694,1783950445,2026-07-13 20:47:25,1.2,True,False,1
Stepper_Z,8,6,Coba resume di bawah ambang resume (ekspektasi: diterima),2026-07-13T20:47:31.891920,1783950451,2026-07-13 20:47:31,,False,True,1
Stepper_Z,9,1,Tahan nilai tinggi (harus cutoff),2026-07-13T20:47:43.979421,1783950463,2026-07-13 20:47:43,3.0,True,False,1
Stepper_Z,9,2,Coba resume saat tinggi (ekspektasi: ditolak),2026-07-13T20:47:50.013086,1783950469,2026-07-13 20:47:49,,True,False,1
Stepper_Z,9,3,Tahan nilai zona histeresis,2026-07-13T20:47:56.032102,1783950475,2026-07-13 20:47:55,1.8,True,False,1
Stepper_Z,9,4,Coba resume di zona histeresis (ekspektasi: ditolak),2026-07-13T20:48:02.065583,1783950481,2026-07-13 20:48:01,,True,False,1
Stepper_Z,9,5,Tahan nilai di bawah ambang resume,2026-07-13T20:48:08.116169,1783950487,2026-07-13 20:48:07,1.2,True,False,1
Stepper_Z,9,6,Coba resume di bawah ambang resume (ekspektasi: diterima),2026-07-13T20:48:14.164790,1783950493,2026-07-13 20:48:13,,False,True,1
Stepper_Z,10,1,Tahan nilai tinggi (harus cutoff),2026-07-13T20:48:26.227032,1783950505,2026-07-13 20:48:25,3.0,True,False,1
Stepper_Z,10,2,Coba resume saat tinggi (ekspektasi: ditolak),2026-07-13T20:48:32.251519,1783950511,2026-07-13 20:48:31,,True,False,1
Stepper_Z,10,3,Tahan nilai zona histeresis,2026-07-13T20:48:38.280103,1783950517,2026-07-13 20:48:37,1.8,True,False,1
Stepper_Z,10,4,Coba resume di zona histeresis (ekspektasi: ditolak),2026-07-13T20:48:44.317740,1783950523,2026-07-13 20:48:43,,True,False,1
Stepper_Z,10,5,Tahan nilai di bawah ambang resume,2026-07-13T20:48:50.359694,1783950529,2026-07-13 20:48:49,1.2,True,False,1
Stepper_Z,10,6,Coba resume di bawah ambang resume (ekspektasi: diterima),2026-07-13T20:48:56.416984,1783950535,2026-07-13 20:48:55,,False,True,1
Spindle,1,1,Tahan nilai tinggi (harus cutoff),2026-07-13T20:49:08.480042,1783950547,2026-07-13 20:49:07,4.5,True,False,1
Spindle,1,2,Coba resume saat tinggi (ekspektasi: ditolak),2026-07-13T20:49:14.519286,1783950553,2026-07-13 20:49:13,,True,False,1
Spindle,1,3,Tahan nilai zona histeresis,2026-07-13T20:49:20.556022,1783950559,2026-07-13 20:49:19,2.8,True,False,1
Spindle,1,4,Coba resume di zona histeresis (ekspektasi: ditolak),2026-07-13T20:49:26.597223,1783950565,2026-07-13 20:49:25,,True,False,1
Spindle,1,5,Tahan nilai di bawah ambang resume,2026-07-13T20:49:32.648047,1783950571,2026-07-13 20:49:31,2.2,True,False,1
Spindle,1,6,Coba resume di bawah ambang resume (ekspektasi: diterima),2026-07-13T20:49:38.672539,1783950577,2026-07-13 20:49:37,,False,True,1
Spindle,2,1,Tahan nilai tinggi (harus cutoff),2026-07-13T20:49:50.762828,1783950589,2026-07-13 20:49:49,4.5,True,False,1
Spindle,2,2,Coba resume saat tinggi (ekspektasi: ditolak),2026-07-13T20:49:56.808942,1783950595,2026-07-13 20:49:55,,True,False,1
Spindle,2,3,Tahan nilai zona histeresis,2026-07-13T20:50:02.829463,1783950601,2026-07-13 20:50:01,2.8,True,False,1
Spindle,2,4,Coba resume di zona histeresis (ekspektasi: ditolak),2026-07-13T20:50:08.872840,1783950607,2026-07-13 20:50:07,,True,False,1
Spindle,2,5,Tahan nilai di bawah ambang resume,2026-07-13T20:50:14.902817,1783950613,2026-07-13 20:50:13,2.2,True,False,1
Spindle,2,6,Coba resume di bawah ambang resume (ekspektasi: diterima),2026-07-13T20:50:20.943237,1783950621,2026-07-13 20:50:21,,False,True,1
Spindle,3,1,Tahan nilai tinggi (harus cutoff),2026-07-13T20:50:33.002349,1783950633,2026-07-13 20:50:33,4.5,True,False,1
Spindle,3,2,Coba resume saat tinggi (ekspektasi: ditolak),2026-07-13T20:50:39.040642,1783950639,2026-07-13 20:50:39,,True,False,1
Spindle,3,3,Tahan nilai zona histeresis,2026-07-13T20:50:45.058825,1783950645,2026-07-13 20:50:45,2.8,True,False,1
Spindle,3,4,Coba resume di zona histeresis (ekspektasi: ditolak),2026-07-13T20:50:51.089237,1783950651,2026-07-13 20:50:51,,True,False,1
Spindle,3,5,Tahan nilai di bawah ambang resume,2026-07-13T20:50:57.135240,1783950657,2026-07-13 20:50:57,2.2,True,False,1
Spindle,3,6,Coba resume di bawah ambang resume (ekspektasi: diterima),2026-07-13T20:51:03.159737,1783950663,2026-07-13 20:51:03,,False,True,1
Spindle,4,1,Tahan nilai tinggi (harus cutoff),2026-07-13T20:51:15.238340,1783950675,2026-07-13 20:51:15,4.5,True,False,1
Spindle,4,2,Coba resume saat tinggi (ekspektasi: ditolak),2026-07-13T20:51:21.271019,1783950681,2026-07-13 20:51:21,,True,False,1
Spindle,4,3,Tahan nilai zona histeresis,2026-07-13T20:51:27.304474,1783950687,2026-07-13 20:51:27,2.8,True,False,1
Spindle,4,4,Coba resume di zona histeresis (ekspektasi: ditolak),2026-07-13T20:51:33.348583,1783950693,2026-07-13 20:51:33,,True,False,1
Spindle,4,5,Tahan nilai di bawah ambang resume,2026-07-13T20:51:39.385216,1783950699,2026-07-13 20:51:39,2.2,True,False,1
Spindle,4,6,Coba resume di bawah ambang resume (ekspektasi: diterima),2026-07-13T20:51:45.422166,1783950705,2026-07-13 20:51:45,,False,True,1
Spindle,5,1,Tahan nilai tinggi (harus cutoff),2026-07-13T20:51:57.489498,1783950717,2026-07-13 20:51:57,4.5,True,False,1
Spindle,5,2,Coba resume saat tinggi (ekspektasi: ditolak),2026-07-13T20:52:03.527343,1783950723,2026-07-13 20:52:03,,True,False,1
Spindle,5,3,Tahan nilai zona histeresis,2026-07-13T20:52:09.571423,1783950729,2026-07-13 20:52:09,2.8,True,False,1
Spindle,5,4,Coba resume di zona histeresis (ekspektasi: ditolak),2026-07-13T20:52:15.623439,1783950735,2026-07-13 20:52:15,,True,False,1
Spindle,5,5,Tahan nilai di bawah ambang resume,2026-07-13T20:52:21.656923,1783950741,2026-07-13 20:52:21,2.2,True,False,1
Spindle,5,6,Coba resume di bawah ambang resume (ekspektasi: diterima),2026-07-13T20:52:27.692154,1783950747,2026-07-13 20:52:27,,False,True,1
Spindle,6,1,Tahan nilai tinggi (harus cutoff),2026-07-13T20:52:39.768693,1783950759,2026-07-13 20:52:39,4.5,True,False,1
Spindle,6,2,Coba resume saat tinggi (ekspektasi: ditolak),2026-07-13T20:52:45.785626,1783950765,2026-07-13 20:52:45,,True,False,1
Spindle,6,3,Tahan nilai zona histeresis,2026-07-13T20:52:51.791856,1783950771,2026-07-13 20:52:51,2.8,True,False,1
Spindle,6,4,Coba resume di zona histeresis (ekspektasi: ditolak),2026-07-13T20:52:57.819036,1783950777,2026-07-13 20:52:57,,True,False,1
Spindle,6,5,Tahan nilai di bawah ambang resume,2026-07-13T20:53:03.824454,1783950783,2026-07-13 20:53:03,2.2,True,False,1
Spindle,6,6,Coba resume di bawah ambang resume (ekspektasi: diterima),2026-07-13T20:53:09.844760,1783950789,2026-07-13 20:53:09,,False,True,1
Spindle,7,1,Tahan nilai tinggi (harus cutoff),2026-07-13T20:53:21.944096,1783950801,2026-07-13 20:53:21,4.5,True,False,1
Spindle,7,2,Coba resume saat tinggi (ekspektasi: ditolak),2026-07-13T20:53:27.967794,1783950807,2026-07-13 20:53:27,,True,False,1
Spindle,7,3,Tahan nilai zona histeresis,2026-07-13T20:53:34.023505,1783950813,2026-07-13 20:53:33,2.8,True,False,1
Spindle,7,4,Coba resume di zona histeresis (ekspektasi: ditolak),2026-07-13T20:53:40.078474,1783950819,2026-07-13 20:53:39,,True,False,1
Spindle,7,5,Tahan nilai di bawah ambang resume,2026-07-13T20:53:46.106136,1783950825,2026-07-13 20:53:45,2.2,True,False,1
Spindle,7,6,Coba resume di bawah ambang resume (ekspektasi: diterima),2026-07-13T20:53:52.158506,1783950831,2026-07-13 20:53:51,,False,True,1
Spindle,8,1,Tahan nilai tinggi (harus cutoff),2026-07-13T20:54:04.214814,1783950843,2026-07-13 20:54:03,4.5,True,False,1
Spindle,8,2,Coba resume saat tinggi (ekspektasi: ditolak),2026-07-13T20:54:10.232784,1783950849,2026-07-13 20:54:09,,True,False,1
Spindle,8,3,Tahan nilai zona histeresis,2026-07-13T20:54:16.273419,1783950855,2026-07-13 20:54:15,2.8,True,False,1
Spindle,8,4,Coba resume di zona histeresis (ekspektasi: ditolak),2026-07-13T20:54:22.330833,1783950861,2026-07-13 20:54:21,,True,False,1
Spindle,8,5,Tahan nilai di bawah ambang resume,2026-07-13T20:54:28.373139,1783950867,2026-07-13 20:54:27,2.2,True,False,1
Spindle,8,6,Coba resume di bawah ambang resume (ekspektasi: diterima),2026-07-13T20:54:34.415547,1783950873,2026-07-13 20:54:33,,False,True,1
Spindle,9,1,Tahan nilai tinggi (harus cutoff),2026-07-13T20:54:46.468527,1783950885,2026-07-13 20:54:45,4.5,True,False,1
Spindle,9,2,Coba resume saat tinggi (ekspektasi: ditolak),2026-07-13T20:54:52.489747,1783950891,2026-07-13 20:54:51,,True,False,1
Spindle,9,3,Tahan nilai zona histeresis,2026-07-13T20:54:58.534757,1783950897,2026-07-13 20:54:57,2.8,True,False,1
Spindle,9,4,Coba resume di zona histeresis (ekspektasi: ditolak),2026-07-13T20:55:04.581062,1783950903,2026-07-13 20:55:03,,True,False,1
Spindle,9,5,Tahan nilai di bawah ambang resume,2026-07-13T20:55:10.624708,1783950909,2026-07-13 20:55:09,2.2,True,False,1
Spindle,9,6,Coba resume di bawah ambang resume (ekspektasi: diterima),2026-07-13T20:55:16.648304,1783950915,2026-07-13 20:55:15,,False,True,1
Spindle,10,1,Tahan nilai tinggi (harus cutoff),2026-07-13T20:55:28.755972,1783950927,2026-07-13 20:55:27,4.5,True,False,1
Spindle,10,2,Coba resume saat tinggi (ekspektasi: ditolak),2026-07-13T20:55:34.803275,1783950933,2026-07-13 20:55:33,,True,False,1
Spindle,10,3,Tahan nilai zona histeresis,2026-07-13T20:55:40.837648,1783950939,2026-07-13 20:55:39,2.8,True,False,1
Spindle,10,4,Coba resume di zona histeresis (ekspektasi: ditolak),2026-07-13T20:55:46.864387,1783950945,2026-07-13 20:55:45,,True,False,1
Spindle,10,5,Tahan nilai di bawah ambang resume,2026-07-13T20:55:52.899419,1783950951,2026-07-13 20:55:51,2.2,True,False,1
Spindle,10,6,Coba resume di bawah ambang resume (ekspektasi: diterima),2026-07-13T20:55:58.937264,1783950959,2026-07-13 20:55:59,,False,True,1
